statement ok
create table t1 (a int, b int)

statement ok
insert into t1 values (1, 1), (2, 3), (5, 4)

query II rowsort
select * from t1
----
1 1
2 3
5 4

query II rowsort
select b from t1
----
1
3
4

query I
select 1 as a
----
1

query I
select a > 1 from t1
----
false
true
true